Date,SYS,SE1,SE2,SE3,SE4,FI,DK1,DK2,Oslo,Kr.sand,Bergen,Molde,Tr.heim,Tromsø,EE,LV,LT,AT,BE,DE-LU,FR,NL
01/01/2021,"27,37","26,17","26,17","26,17","36,24","26,25","48,40","48,40","26,10","26,10","26,10","25,65","25,65","22,67","36,24","36,24","36,24","48,40","48,40","48,40","48,40","48,40"
02/01/2021,"29,99","31,58","31,58","31,58","43,17","32,81","50,56","50,56","26,85","26,85","26,85","30,69","30,69","24,27","43,17","43,17","43,17","50,56","50,56","50,56","50,56","50,56"
03/01/2021,"25,77","25,78","25,78","25,78","27,31","25,83","28,45","29,97","25,78","25,78","25,78","25,78","25,78","21,98","31,64","31,64","31,64","40,93","43,03","38,62","47,10","49,77"
04/01/2021,"38,94","42,17","42,17","42,17","43,88","43,36","42,17","43,88","41,61","41,61","41,61","42,17","42,17","19,61","43,57","43,57","43,88","50,57","46,74","48,02","59,27","49,72"
05/01/2021,"43,75","47,29","47,29","47,29","47,29","47,29","47,28","47,29","46,02","46,02","46,02","47,29","47,29","20,08","47,29","47,29","47,29","57,29","63,39","55,34","63,85","50,39"
06/01/2021,"39,50","41,06","41,06","41,06","41,06","41,06","41,06","41,06","41,06","41,06","41,06","41,06","41,06","24,00","41,06","41,06","41,06","56,96","81,45","52,68","70,16","50,59"
07/01/2021,"63,48","67,63","67,63","67,63","67,63","67,63","67,69","68,19","67,41","67,41","67,41","67,63","67,63","28,36","67,63","67,63","67,63","73,25","67,23","70,93","82,10","63,84"
08/01/2021,"71,56","76,72","76,72","76,72","76,72","76,72","76,88","76,88","76,62","76,62","76,62","76,72","76,72","33,02","76,72","76,72","76,72","79,53","82,17","78,34","84,85","72,77"
09/01/2021,"51,27","52,03","52,03","55,38","56,34","55,38","58,27","58,33","55,18","55,18","55,18","41,32","41,32","34,61","55,38","55,38","56,34","59,58","61,00","59,32","60,60","57,99"
10/01/2021,"41,64","42,02","42,02","42,02","42,94","42,02","43,36","43,36","42,02","42,02","42,02","39,13","39,13","35,66","42,02","42,02","42,94","53,38","60,64","52,16","56,85","49,96"
11/01/2021,"41,40","41,15","41,15","41,56","42,11","42,87","41,77","42,28","41,60","41,60","41,60","41,15","41,15","40,00","49,63","49,63","49,63","52,90","59,09","48,15","67,69","45,58"
12/01/2021,"37,71","31,85","31,85","43,82","45,30","43,82","43,87","45,37","44,83","44,83","44,83","32,79","32,79","31,53","45,05","45,05","45,53","58,24","61,51","46,10","63,54","51,07"
13/01/2021,"42,29","40,69","40,69","42,10","42,10","51,08","42,10","42,10","42,10","42,10","42,10","40,69","40,69","37,40","52,84","52,84","52,84","61,08","68,56","42,47","73,85","57,62"
14/01/2021,"68,68","70,69","70,69","71,95","72,10","77,37","70,41","72,10","70,41","70,41","70,41","70,69","70,69","63,13","77,37","77,05","77,05","71,47","73,81","70,58","73,33","74,49"
15/01/2021,"54,02","43,01","43,01","73,66","73,75","78,14","72,89","74,05","72,79","72,69","72,69","43,01","43,01","38,97","78,14","78,14","78,14","72,80","72,73","72,89","72,32","72,78"
16/01/2021,"49,51","41,81","41,81","54,71","54,92","62,47","55,04","55,18","54,54","54,54","54,54","40,99","40,99","40,20","62,47","62,47","62,47","56,26","57,54","55,85","57,78","53,66"
17/01/2021,"49,59","44,72","44,72","52,85","53,04","53,00","53,00","53,19","52,41","52,41","52,41","42,54","42,54","42,29","54,06","54,06","54,06","54,55","54,92","54,00","56,66","51,10"
18/01/2021,"54,59","50,64","50,64","54,93","55,18","61,94","54,70","55,36","54,52","54,52","54,52","48,72","48,72","48,72","61,94","61,94","61,94","67,56","56,43","55,95","69,17","52,20"
19/01/2021,"45,81","44,34","44,34","45,33","45,33","59,72","45,21","45,33","45,21","45,21","45,21","41,10","41,10","41,10","59,72","59,72","59,72","68,61","51,40","44,95","60,39","46,06"
20/01/2021,"35,31","34,21","34,21","35,04","35,94","55,05","34,94","35,94","35,05","35,05","35,05","34,11","34,11","34,11","55,90","55,90","55,90","56,83","45,37","36,28","49,13","44,96"
21/01/2021,"29,63","26,91","26,91","30,87","30,87","38,10","28,14","30,87","30,97","30,97","30,97","26,91","26,91","26,91","50,70","50,70","50,70","59,44","39,58","30,07","41,60","44,30"
22/01/2021,"29,25","25,20","25,20","29,74","29,74","29,74","29,59","29,81","31,03","31,03","31,40","26,60","26,60","26,11","45,79","45,79","45,79","51,43","51,96","42,53","49,95","52,57"
23/01/2021,"36,78","33,20","33,20","38,22","43,58","38,22","49,30","48,34","39,30","39,30","39,30","33,20","33,20","33,20","43,58","43,58","43,58","51,74","51,86","51,72","51,81","51,89"
24/01/2021,"44,76","47,83","47,83","47,83","47,89","47,83","49,17","49,17","47,83","47,83","47,83","45,34","45,34","30,74","47,83","47,83","48,20","49,15","49,37","49,17","49,16","49,62"
25/01/2021,"53,66","50,99","50,99","60,18","60,18","60,26","60,49","60,49","60,18","60,18","60,18","51,01","51,01","38,72","60,26","60,26","60,26","61,08","62,37","60,84","61,70","58,10"
26/01/2021,"53,44","49,46","49,46","60,06","60,06","60,42","61,11","61,18","60,06","60,06","60,06","49,46","49,46","38,37","60,42","60,42","60,42","62,01","62,56","61,37","64,12","58,40"
27/01/2021,"55,63","53,19","53,19","57,89","57,89","57,92","57,81","57,91","57,81","57,81","57,81","53,19","53,19","50,22","57,92","57,92","57,92","58,28","57,65","57,99","59,26","54,05"
28/01/2021,"56,82","55,61","55,61","58,08","58,08","58,87","55,98","58,08","56,75","55,98","55,99","55,35","55,35","55,35","58,87","58,87","58,87","56,04","54,89","55,31","55,01","53,76"
29/01/2021,"51,66","51,01","51,01","54,74","54,74","55,55","49,81","54,74","53,26","50,04","51,95","50,30","50,30","50,30","55,55","55,55","55,55","51,96","48,51","49,68","47,71","49,45"
30/01/2021,"48,13","46,84","46,84","48,87","48,89","48,87","48,67","48,89","48,87","48,87","48,87","46,84","46,84","46,84","48,87","48,87","48,89","48,43","48,26","48,48","48,02","48,73"
31/01/2021,"48,30","48,31","48,31","48,31","48,31","48,31","48,23","48,31","48,31","48,28","48,31","48,31","48,31","48,31","48,31","48,31","48,31","48,19","48,18","48,23","47,93","48,26"
01/02/2021,"74,57","83,64","83,64","86,29","86,29","86,93","57,51","86,29","86,19","57,85","83,54","83,64","83,64","83,64","86,93","86,93","86,93","57,37","57,19","57,47","56,81","57,45"
02/02/2021,"62,21","67,70","67,70","67,70","67,70","68,16","54,63","67,70","67,63","54,63","67,63","67,70","67,70","67,70","68,16","68,16","68,16","54,95","50,01","54,62","48,70","51,28"
03/02/2021,"46,95","44,37","44,37","52,44","52,44","54,97","44,53","52,44","52,44","45,58","52,44","44,37","44,37","44,37","54,97","54,97","54,97","44,23","43,41","44,53","41,87","45,49"
04/02/2021,"49,71","40,79","40,79","59,09","59,09","60,19","52,04","59,09","59,09","52,36","59,09","40,84","40,84","40,79","60,19","60,19","60,19","52,15","52,56","52,04","52,26","52,29"
05/02/2021,"55,62","45,81","45,81","78,73","78,73","79,38","51,39","78,73","78,73","51,41","78,73","45,89","45,89","35,27","79,38","79,38","79,38","51,42","51,59","51,39","51,52","51,58"
06/02/2021,"41,26","43,69","43,69","45,60","45,60","45,60","36,38","45,60","45,60","39,75","45,60","43,69","43,69","32,67","45,60","45,60","49,41","38,13","38,80","36,38","38,34","44,26"
07/02/2021,"38,53","40,61","40,61","40,66","40,66","40,66","19,71","40,66","40,66","38,37","40,66","40,61","40,61","35,68","40,66","40,66","40,66","23,27","25,65","19,38","26,03","37,87"
08/02/2021,"52,97","51,42","51,42","55,99","55,99","59,13","43,09","55,99","55,99","50,64","55,99","51,42","51,42","51,42","59,13","59,13","59,13","45,13","46,36","43,52","50,07","44,32"
09/02/2021,"65,20","62,50","62,50","69,36","69,36","71,74","63,92","69,36","69,36","63,92","69,36","62,50","62,50","60,12","71,74","71,74","71,74","64,54","64,18","64,32","65,31","63,47"
10/02/2021,"64,19","54,87","54,87","72,40","72,40","73,59","72,15","72,40","72,40","72,15","72,40","54,87","54,87","48,79","73,59","73,59","73,59","72,27","72,53","72,21","72,48","71,84"
11/02/2021,"75,18","49,36","49,36","98,53","98,53","99,72","79,30","98,53","98,53","79,30","98,53","49,36","49,36","49,36","99,72","99,72","99,72","79,26","79,16","79,30","79,01","79,13"
12/02/2021,"49,27","40,16","40,16","80,83","80,83","82,48","62,47","80,83","80,35","62,47","80,35","40,16","40,16","39,85","82,48","82,48","82,48","62,38","60,32","62,13","63,46","57,34"
13/02/2021,"46,68","37,20","37,20","53,22","53,22","53,22","53,22","53,22","53,22","53,22","53,22","37,20","37,20","37,20","53,50","53,50","53,50","53,53","51,91","53,22","54,65","50,63"
14/02/2021,"45,17","43,20","43,20","46,50","46,50","46,50","45,89","46,50","46,50","45,89","46,50","43,20","43,20","43,20","46,50","46,50","46,50","46,26","44,50","45,89","47,82","44,57"
15/02/2021,"50,61","44,63","44,63","63,65","63,65","67,99","50,40","63,65","63,61","50,83","63,61","44,63","44,63","44,63","69,12","69,12","69,12","54,20","50,12","50,75","52,10","50,19"
16/02/2021,"53,02","45,81","45,81","61,25","61,25","63,70","52,28","61,30","54,61","52,24","54,61","45,78","45,78","45,78","65,53","65,53","65,53","57,58","51,90","52,43","53,68","50,82"
17/02/2021,"47,12","40,62","40,62","50,02","50,02","79,56","49,67","50,02","49,88","49,67","49,88","39,89","39,89","39,89","79,56","79,56","79,56","52,65","49,72","49,67","49,87","49,67"
18/02/2021,"43,66","40,31","40,31","45,40","45,40","68,69","45,40","45,40","44,77","44,50","44,77","38,30","38,30","36,07","68,69","68,69","68,69","51,63","48,34","45,40","48,35","46,42"
19/02/2021,"46,65","44,77","44,77","47,66","47,74","60,55","47,70","47,77","46,71","46,71","46,71","41,72","41,72","38,80","62,92","62,92","62,92","50,52","47,56","47,71","47,54","47,74"
20/02/2021,"36,48","36,41","36,41","36,41","36,56","47,57","34,05","36,56","36,41","36,02","36,41","36,29","36,29","36,11","54,79","54,79","54,79","38,65","33,15","34,05","32,74","34,81"
21/02/2021,"34,85","35,03","35,03","35,03","37,11","35,03","32,92","37,30","35,03","35,03","35,03","34,96","34,96","33,61","38,97","38,97","38,97","32,82","32,51","32,92","32,15","32,92"
22/02/2021,"43,51","44,26","44,26","45,64","49,35","46,17","49,48","49,53","42,29","42,29","42,29","42,05","42,05","42,05","55,99","55,99","55,99","52,02","48,81","49,90","48,51","49,11"
23/02/2021,"39,21","40,73","40,73","41,34","44,62","41,47","44,46","44,91","38,78","38,78","38,78","37,02","37,02","36,61","49,91","49,91","49,91","46,31","44,82","45,58","44,40","45,38"
24/02/2021,"31,35","30,14","30,14","32,08","34,16","37,44","31,35","34,20","32,12","32,12","32,12","30,14","30,14","30,14","41,34","41,34","41,34","48,41","33,83","38,13","35,98","38,29"
25/02/2021,"30,67","28,28","28,28","31,78","32,76","33,35","33,16","33,16","32,09","32,09","32,09","28,28","28,28","28,28","40,74","40,74","40,74","46,16","46,23","46,16","46,16","46,13"
26/02/2021,"28,04","25,47","25,47","28,88","28,97","34,58","30,27","30,27","30,41","30,41","30,41","25,47","25,47","25,47","36,81","36,81","36,81","48,21","47,70","47,63","47,71","47,47"
27/02/2021,"30,82","25,53","25,53","32,55","38,30","32,52","44,94","44,94","35,40","35,40","35,40","25,53","25,53","25,53","38,30","38,30","38,30","44,82","45,24","44,94","44,08","45,51"
28/02/2021,"28,03","23,78","23,78","28,79","31,66","28,74","41,02","41,02","34,49","34,49","34,49","23,78","23,78","23,78","31,09","31,09","31,66","41,95","41,73","42,07","40,76","42,53"
01/03/2021,"32,74","24,27","24,27","34,34","41,63","34,34","49,18","49,30","37,93","37,93","37,93","24,27","24,27","24,27","43,84","43,84","43,84","50,72","49,48","49,77","49,96","49,10"
02/03/2021,"35,22","26,07","26,07","40,13","49,90","40,61","53,50","53,50","42,48","42,48","42,48","26,07","26,07","26,07","52,97","52,97","53,28","55,54","52,64","53,50","54,16","52,92"
03/03/2021,"35,69","26,17","26,17","39,63","51,57","41,04","51,61","51,61","42,68","42,68","42,68","26,17","26,17","26,17","57,85","57,85","57,85","53,63","51,07","51,91","53,02","51,06"
04/03/2021,"36,24","26,53","26,53","44,16","53,39","45,25","53,44","53,44","41,59","41,59","41,59","26,53","26,53","26,53","52,66","52,66","56,31","54,12","54,36","54,08","54,28","53,82"
05/03/2021,"39,22","27,80","27,80","47,92","53,81","53,40","53,60","53,81","48,34","48,34","48,34","27,80","27,80","27,80","55,87","55,87","58,71","53,44","51,16","53,60","52,39","47,90"
06/03/2021,"27,78","22,13","22,13","22,13","34,71","22,13","34,80","34,71","36,79","36,79","36,79","22,13","22,13","22,13","31,34","31,34","34,71","44,77","44,86","44,71","44,94","45,20"
07/03/2021,"30,15","23,17","23,17","26,98","34,17","26,94","39,77","36,23","37,57","37,57","37,57","23,17","23,17","23,17","32,51","32,51","34,17","45,68","46,45","44,82","46,63","46,62"
08/03/2021,"45,93","28,50","28,50","55,86","61,10","56,13","61,61","61,68","57,26","57,26","57,26","28,50","28,50","28,50","56,13","56,13","61,10","61,63","61,54","61,61","61,74","61,52"
09/03/2021,"46,05","28,67","28,67","54,09","61,06","54,57","60,92","61,06","55,61","55,61","55,61","28,67","28,67","28,67","54,85","54,85","61,14","61,04","61,04","60,92","61,20","60,47"
10/03/2021,"37,48","26,23","26,23","56,75","59,98","63,74","47,34","59,98","43,80","43,55","43,80","26,23","26,23","26,23","63,74","63,74","66,06","56,47","48,26","50,82","54,20","49,12"
11/03/2021,"26,12","22,31","22,31","27,85","27,85","35,00","24,98","27,85","34,85","34,85","34,85","22,39","22,39","22,39","35,10","35,10","35,10","54,19","0,25","27,43","39,86","34,76"
12/03/2021,"31,15","26,13","26,13","28,47","29,60","35,54","22,29","30,10","35,85","35,85","35,85","26,17","26,17","26,17","35,93","35,93","36,27","47,81","37,15","22,29","37,36","48,75"
13/03/2021,"30,72","27,65","27,65","28,81","28,81","29,79","16,01","28,81","36,25","36,25","36,25","27,65","27,65","27,65","29,79","29,79","29,79","41,34","13,03","11,93","23,61","23,01"
14/03/2021,"32,87","29,40","29,40","31,88","32,90","31,88","19,42","32,90","37,07","37,07","37,07","29,40","29,40","29,40","31,95","31,95","32,90","39,26","20,79","15,75","24,74","35,70"
15/03/2021,"43,33","33,21","33,21","45,91","48,44","53,02","48,16","48,50","43,81","43,81","43,81","33,21","33,21","32,82","53,69","53,69","55,69","51,63","49,93","49,28","50,11","52,10"
16/03/2021,"43,57","30,84","30,84","47,32","55,78","53,25","55,91","55,88","47,66","47,66","47,66","30,84","30,84","30,40","55,19","55,19","59,27","56,06","56,33","56,01","56,23","55,93"
17/03/2021,"46,01","32,76","32,76","49,91","57,19","50,16","57,65","57,65","50,83","50,83","50,83","32,76","32,76","32,30","50,91","50,91","57,19","58,16","56,47","57,65","56,18","56,53"
18/03/2021,"44,95","33,07","33,07","49,05","63,68","48,92","64,80","64,80","44,85","44,85","44,85","33,07","33,07","32,38","55,10","55,10","63,68","65,55","64,00","64,86","64,26","64,22"
19/03/2021,"41,12","32,11","32,11","49,98","56,54","51,27","56,39","56,75","42,50","42,50","42,50","31,14","31,14","27,23","51,27","51,27","58,52","62,44","53,98","56,45","56,53","53,69"
20/03/2021,"28,89","21,90","21,90","22,97","43,18","22,90","41,99","43,26","37,93","37,93","37,93","21,90","21,90","21,90","22,90","22,90","43,18","51,37","51,58","51,34","51,46","51,20"
21/03/2021,"25,40","18,44","18,44","20,08","28,55","18,44","31,88","28,57","36,67","36,67","36,67","18,44","18,44","18,44","18,44","18,44","28,55","37,97","40,31","35,42","40,45","44,40"
22/03/2021,"36,90","23,52","23,52","41,76","52,96","48,17","58,61","57,48","42,66","42,66","42,66","23,50","23,50","23,50","48,38","48,38","52,96","60,56","60,77","60,48","60,85","60,05"
23/03/2021,"34,16","22,31","22,31","36,48","56,26","35,96","59,82","56,88","42,65","42,65","42,65","22,33","22,33","22,33","45,74","45,74","56,26","63,32","60,71","62,33","63,57","57,81"
24/03/2021,"31,08","21,00","21,00","29,97","50,19","30,03","52,44","52,60","39,48","39,48","39,48","21,00","21,00","21,00","39,08","39,08","50,73","59,55","57,21","55,54","61,41","54,17"
25/03/2021,"35,11","22,18","22,18","33,11","54,64","43,29","56,73","58,38","40,35","40,35","40,35","22,18","22,18","22,18","46,01","46,01","56,59","63,52","57,62","58,85","59,48","56,09"
26/03/2021,"31,83","22,06","22,06","33,37","46,06","39,19","42,70","47,48","38,65","38,65","38,65","21,91","21,91","21,91","47,64","47,64","55,66","59,26","49,12","51,37","53,92","49,73"
27/03/2021,"22,59","18,50","18,50","18,50","22,88","18,50","24,37","29,12","36,61","36,61","36,61","19,18","19,18","19,14","18,50","18,50","22,88","45,02","24,62","24,69","36,38","24,41"
28/03/2021,"24,00","19,49","19,49","19,49","21,43","19,49","22,96","25,24","37,59","37,59","37,59","19,49","19,49","19,49","19,49","19,49","21,43","41,84","19,36","18,25","28,31","24,66"
29/03/2021,"25,37","20,89","20,89","23,50","28,35","23,50","30,61","28,35","36,51","36,51","36,51","20,58","20,58","20,58","44,74","44,74","44,74","50,69","37,70","40,81","46,05","39,43"
30/03/2021,"26,25","18,36","18,36","26,96","40,14","27,12","45,27","41,62","38,51","38,51","38,51","18,36","18,36","18,36","45,60","45,60","45,60","57,59","55,09","55,73","55,41","53,90"
31/03/2021,"32,12","19,87","19,87","33,35","51,31","34,46","58,65","58,65","39,96","39,96","39,96","19,87","19,87","19,87","51,73","51,73","53,21","58,37","56,89","58,72","57,04","55,90"
01/04/2021,"29,96","18,69","18,69","32,41","42,80","35,19","46,66","48,02","39,73","39,73","39,73","18,69","18,69","18,69","44,14","44,14","46,37","54,92","51,55","52,29","52,79","51,04"
02/04/2021,"21,22","16,27","16,27","18,58","31,52","30,18","33,09","36,57","33,03","33,03","34,24","16,38","16,38","16,38","36,81","36,81","38,98","44,53","41,80","36,50","41,35","45,36"
03/04/2021,"24,45","18,37","18,37","19,79","30,11","20,57","39,31","35,85","36,68","36,68","36,68","18,37","18,37","18,37","27,14","27,14","30,11","39,04","36,45","39,56","35,00","38,88"
04/04/2021,"14,58","10,46","10,46","10,46","12,38","10,46","21,01","20,81","27,67","27,67","30,71","10,87","10,87","11,05","11,69","11,69","12,38","28,10","28,26","27,69","29,20","29,77"
05/04/2021,"5,77","6,93","6,93","7,10","7,10","7,10","-10,69","2,45","17,89","17,89","21,84","9,73","9,73","9,73","7,10","7,10","7,10","7,39","-15,35","-17,00","26,81","10,19"
06/04/2021,"27,88","18,82","18,82","29,00","29,73","32,43","29,27","29,73","36,64","32,92","36,42","18,87","18,87","18,87","34,62","34,62","34,62","49,46","49,27","35,38","58,51","41,36"
07/04/2021,"34,98","19,68","19,68","42,52","42,64","46,75","47,03","42,64","47,20","39,27","40,76","19,68","19,68","19,68","46,75","46,75","46,75","58,11","61,05","50,32","75,26","51,58"
08/04/2021,"39,85","28,98","28,98","45,92","45,92","48,99","44,66","45,92","47,59","39,55","41,70","28,98","28,98","28,98","50,81","50,81","50,81","61,38","64,97","57,58","71,51","55,81"
09/04/2021,"27,39","18,64","18,64","19,81","19,81","20,02","23,60","23,60","36,85","36,85","36,85","19,77","19,77","19,77","20,02","20,02","20,02","60,56","64,02","53,92","72,63","55,55"
10/04/2021,"34,50","19,88","19,88","19,88","42,47","19,88","53,40","53,40","40,84","40,84","40,84","19,99","19,99","19,99","37,61","37,61","42,47","59,02","59,86","58,81","59,63","57,88"
11/04/2021,"37,28","22,90","22,90","26,51","39,78","26,10","47,98","47,75","41,39","41,39","41,39","22,90","22,90","22,90","39,78","39,78","39,78","50,96","55,67","48,69","53,34","48,97"
12/04/2021,"40,68","23,11","23,11","38,27","42,06","40,77","44,58","43,31","44,23","44,23","44,23","23,11","23,11","23,11","41,57","41,57","42,13","67,53","68,43","62,72","72,01","58,16"
13/04/2021,"41,73","23,97","23,97","40,84","47,35","49,72","49,20","47,82","43,68","43,68","43,68","23,97","23,97","23,97","50,79","50,79","53,16","70,95","70,63","57,52","83,62","54,15"
14/04/2021,"45,22","23,77","23,77","56,59","61,47","56,59","67,62","67,62","57,78","55,38","48,25","23,95","23,95","23,77","56,65","56,65","61,47","76,51","71,67","69,49","80,66","66,57"
15/04/2021,"47,68","27,27","27,27","53,83","56,64","53,95","64,45","64,45","60,32","58,98","53,70","27,34","27,34","26,31","53,95","53,95","56,64","74,94","69,41","66,98","74,32","61,18"
16/04/2021,"47,35","29,89","29,89","43,49","46,96","47,89","54,94","54,94","52,08","51,97","48,22","29,89","29,89","27,01","47,89","47,89","49,43","69,35","63,52","63,04","71,42","59,19"
17/04/2021,"44,33","26,35","26,35","26,35","45,04","26,49","58,85","58,21","48,45","48,45","48,45","26,35","26,35","25,44","45,04","45,04","45,04","63,23","61,15","61,20","64,46","60,06"
18/04/2021,"43,34","25,00","25,00","25,00","47,98","25,08","61,38","57,25","48,92","48,92","48,92","25,00","25,00","25,00","47,98","47,98","47,98","65,36","62,40","62,63","64,33","61,38"
19/04/2021,"46,45","33,34","33,34","38,91","53,68","48,12","70,96","70,23","47,59","47,59","47,59","33,34","33,34","25,09","53,59","53,59","53,68","83,38","76,11","75,67","82,16","70,72"
20/04/2021,"43,43","25,79","25,79","27,37","63,20","47,95","75,34","72,65","46,06","46,06","46,06","25,86","25,86","25,25","63,20","63,20","63,20","81,95","75,50","75,77","81,14","72,80"
21/04/2021,"34,86","25,31","24,64","24,94","49,97","30,63","48,19","55,23","42,33","42,33","42,33","25,95","25,95","25,95","55,20","55,20","55,20","79,47","60,15","59,88","78,27","56,20"
22/04/2021,"28,36","19,41","17,65","21,35","29,16","32,64","32,51","32,43","40,41","40,41","40,43","22,16","22,16","22,16","36,84","36,84","36,84","58,28","59,43","45,90","70,11","55,88"
23/04/2021,"35,40","19,30","19,30","23,13","37,84","25,13","47,76","42,35","45,36","45,36","45,36","24,55","24,55","23,07","38,32","38,32","38,32","65,39","63,20","61,73","65,19","61,63"
24/04/2021,"35,34","17,91","17,91","17,91","36,46","17,91","48,76","48,76","46,07","46,07","46,07","24,02","24,02","23,45","36,46","36,46","36,46","53,23","52,95","52,91","53,02","52,63"
25/04/2021,"30,40","16,28","16,28","16,43","25,74","16,28","37,48","37,65","43,81","43,81","43,85","27,08","27,08","23,75","22,04","22,04","25,74","37,47","37,43","37,48","37,45","37,49"
26/04/2021,"56,63","49,58","49,58","50,85","54,93","56,75","61,56","61,56","57,23","56,88","57,23","55,30","55,30","49,59","58,02","58,02","58,02","64,44","58,74","61,92","60,65","59,63"
27/04/2021,"55,07","54,08","54,08","54,08","58,74","61,30","59,21","59,21","53,86","53,60","53,86","54,08","54,08","54,08","65,02","65,02","65,44","69,78","61,86","59,51","66,56","56,74"
28/04/2021,"58,13","58,01","58,01","58,01","58,95","60,49","59,72","59,72","57,72","57,26","57,72","58,01","58,01","58,01","64,62","64,62","64,84","67,78","64,57","61,72","69,43","58,46"
29/04/2021,"53,40","52,82","52,82","52,83","53,10","56,05","54,38","53,10","53,07","52,99","53,07","52,82","52,82","51,21","58,72","58,72","58,72","68,84","63,56","59,44","68,72","58,27"
30/04/2021,"50,05","42,48","42,48","51,49","60,42","51,49","66,80","62,66","55,56","55,56","55,56","42,48","42,48","42,41","55,57","55,57","60,42","69,88","71,51","69,15","73,58","67,22"
01/05/2021,"49,91","46,53","46,53","46,56","52,18","46,56","56,69","56,37","51,04","51,04","51,04","46,53","46,53","46,53","50,29","50,29","52,18","56,69","57,04","56,69","57,01","57,20"
02/05/2021,"46,31","45,65","45,65","45,65","47,05","45,65","46,94","48,43","46,61","46,61","46,61","45,65","45,65","45,65","45,66","45,66","47,05","43,70","46,62","43,81","46,81","47,31"
03/05/2021,"59,90","60,16","60,16","60,72","60,72","60,72","62,43","61,25","60,36","60,30","60,36","60,16","60,16","60,16","60,72","60,72","60,72","62,90","64,58","62,43","66,64","63,14"
04/05/2021,"44,00","40,13","40,13","40,13","40,13","62,31","30,26","40,13","45,31","45,17","45,31","40,13","40,13","40,13","62,31","62,31","62,31","32,26","33,16","30,26","36,99","32,92"
05/05/2021,"44,80","41,79","41,79","41,81","41,81","45,52","35,89","41,81","48,63","48,63","48,72","41,79","41,79","41,79","48,59","48,59","48,59","44,77","55,16","31,81","62,48","43,77"
06/05/2021,"61,98","59,55","59,55","59,60","59,60","61,04","64,97","60,01","62,78","62,78","62,78","59,55","59,55","59,55","61,04","61,04","61,04","65,59","71,69","64,97","73,15","69,55"
07/05/2021,"64,95","64,82","64,82","65,54","66,37","65,54","69,81","67,77","64,78","64,78","64,78","64,82","64,82","64,82","65,54","65,54","66,37","71,58","72,32","71,30","72,43","70,20"
08/05/2021,"50,48","47,42","47,42","47,42","47,42","47,42","50,76","48,25","52,34","52,34","52,34","47,87","47,87","47,42","47,42","47,42","47,42","49,77","42,90","50,74","47,32","54,86"
09/05/2021,"29,40","25,94","25,94","25,94","25,94","25,94","7,40","21,36","39,96","39,96","45,44","31,45","31,45","27,74","25,94","25,94","25,94","7,34","2,70","3,62","6,65","7,24"
10/05/2021,"47,24","43,13","43,13","43,13","43,13","43,13","55,99","54,78","50,24","50,24","50,40","43,13","43,13","43,13","43,13","43,13","43,13","57,76","57,54","57,46","58,36","58,29"
11/05/2021,"50,84","39,99","39,99","41,22","41,75","41,36","72,17","72,17","54,39","54,39","54,39","40,08","40,08","40,08","41,75","41,75","41,75","72,17","72,17","72,17","72,17","72,17"
12/05/2021,"50,25","39,50","39,50","41,58","48,66","46,67","68,75","68,75","53,73","53,73","53,73","39,03","39,03","39,03","48,66","48,66","48,66","68,75","68,78","68,75","68,77","68,67"
13/05/2021,"45,10","30,99","30,99","35,32","38,53","35,32","62,74","60,60","50,60","50,60","50,60","29,88","29,88","25,98","38,53","38,53","38,53","62,74","62,74","62,74","62,74","62,74"
14/05/2021,"45,05","28,56","28,56","38,41","54,01","38,41","71,80","71,80","51,42","51,42","51,42","28,56","28,56","27,97","54,01","54,01","54,01","71,75","72,02","71,80","71,53","71,89"
15/05/2021,"36,83","21,61","21,61","21,61","22,49","21,61","60,20","52,31","49,62","49,77","49,62","21,61","21,61","21,31","22,49","22,49","22,49","60,11","61,36","60,20","57,49","61,98"
16/05/2021,"30,88","25,67","25,67","29,65","30,66","29,65","39,93","41,49","35,51","35,51","35,51","25,67","25,67","22,77","30,66","30,66","30,66","38,31","38,66","39,87","30,13","40,66"
17/05/2021,"51,14","37,67","37,67","53,02","59,08","59,68","73,70","73,70","53,44","53,44","53,44","36,28","36,28","26,62","62,10","62,10","62,10","73,12","70,86","73,70","69,90","73,49"
18/05/2021,"53,33","37,47","37,47","48,37","60,01","61,60","74,18","74,18","55,46","55,46","55,46","33,82","33,82","29,58","62,06","62,06","62,06","74,18","74,18","74,18","74,18","74,18"
19/05/2021,"53,83","55,93","55,93","57,19","63,43","58,99","77,71","77,71","54,30","54,35","54,30","51,63","51,63","27,48","63,75","63,75","63,75","77,46","76,98","77,71","76,88","76,01"
20/05/2021,"48,25","42,16","42,16","42,93","44,50","46,17","61,00","61,00","52,65","52,65","52,65","30,61","30,61","29,89","46,81","46,81","46,81","69,83","69,06","69,99","69,34","67,68"
21/05/2021,"30,58","24,02","24,02","29,64","30,15","35,05","33,31","34,29","35,37","35,37","35,37","24,83","24,83","24,20","35,05","35,05","35,05","36,22","27,51","31,34","28,05","30,49"
22/05/2021,"15,74","12,89","12,89","16,26","16,26","34,78","10,60","16,26","18,65","18,65","18,85","19,37","19,37","18,98","35,50","35,50","35,50","16,19","27,17","-7,04","17,99","28,94"
23/05/2021,"21,41","18,71","18,71","20,78","22,28","21,48","21,15","25,30","25,87","25,93","25,87","19,63","19,63","18,09","22,97","22,97","22,97","21,52","27,54","21,15","23,90","32,51"
24/05/2021,"38,42","38,54","38,54","43,03","43,42","54,63","40,41","44,47","42,57","42,57","42,57","31,26","31,26","22,44","54,64","54,64","54,64","32,44","35,96","31,65","32,81","41,59"
25/05/2021,"47,26","52,93","52,93","52,93","59,45","57,88","59,63","59,64","49,66","49,66","49,66","34,10","34,10","24,29","61,27","61,27","61,27","59,79","59,89","59,78","59,83","59,77"
26/05/2021,"43,76","35,17","35,17","47,42","63,60","46,64","65,45","63,76","50,66","50,66","50,66","30,78","30,78","22,87","52,32","52,32","65,32","66,28","71,72","65,61","69,18","67,04"
27/05/2021,"44,28","36,06","36,06","53,10","70,86","54,24","71,77","71,84","50,81","50,81","50,81","31,08","31,08","23,37","65,67","65,67","69,89","71,96","73,27","71,77","72,52","71,77"
28/05/2021,"45,69","32,53","32,53","58,23","71,97","55,17","73,60","73,60","51,50","51,50","51,50","32,13","32,13","23,28","64,52","64,52","71,97","73,60","73,34","73,60","73,34","71,60"
29/05/2021,"42,15","36,24","36,24","42,26","53,81","42,26","56,49","57,38","46,71","47,50","46,71","32,37","32,37","22,57","42,26","42,26","53,81","56,49","56,67","56,49","56,57","57,07"
30/05/2021,"30,06","26,88","26,88","28,94","42,32","28,31","40,37","43,49","37,54","37,59","37,54","27,51","27,51","21,79","28,46","28,46","43,79","37,04","34,34","37,85","31,77","37,87"
31/05/2021,"48,71","41,32","41,32","50,90","59,59","50,54","67,46","67,58","52,81","53,71","52,81","35,09","35,09","22,68","57,01","57,01","61,21","67,32","66,63","67,46","66,66","67,59"
01/06/2021,"51,15","44,63","44,63","46,33","68,20","59,91","68,25","68,25","48,97","55,02","48,97","44,05","44,05","23,52","64,84","64,84","75,75","68,25","68,23","68,25","68,22","68,25"
02/06/2021,"50,15","45,51","45,51","48,01","63,32","63,95","65,51","65,51","49,16","54,74","49,16","43,30","43,30","23,51","67,85","67,85","72,60","66,54","66,28","66,69","65,97","67,33"
03/06/2021,"45,71","40,43","40,43","46,82","55,50","56,69","55,50","55,50","48,89","51,89","48,89","38,18","38,18","22,84","60,63","60,84","63,97","63,13","67,49","61,96","65,54","70,01"
04/06/2021,"48,61","40,07","40,07","47,03","69,54","58,46","70,53","69,54","50,26","56,70","50,26","39,47","39,47","22,83","64,33","66,49","72,14","71,80","71,80","71,80","71,80","71,80"
05/06/2021,"47,12","41,64","41,64","42,59","62,13","42,59","62,56","62,14","46,41","56,24","46,41","41,48","41,48","22,34","59,12","61,56","62,75","62,71","64,53","62,56","63,23","66,31"
06/06/2021,"44,55","41,04","41,04","41,04","59,00","41,04","59,44","59,12","45,73","54,59","45,73","40,84","40,84","22,06","55,27","58,40","59,15","59,09","60,58","59,44","57,55","62,66"
07/06/2021,"52,94","55,76","55,76","55,76","77,44","65,96","77,34","77,75","52,78","57,64","52,78","55,71","55,71","20,70","79,52","79,52","79,52","77,34","77,34","77,34","77,34","77,36"
08/06/2021,"53,78","54,24","54,24","54,41","77,00","66,47","76,92","77,02","53,87","57,72","53,87","53,33","53,33","19,58","82,23","82,23","82,23","76,82","76,46","76,92","76,18","76,90"
09/06/2021,"54,98","54,24","54,24","54,57","76,48","65,55","76,74","76,74","54,37","57,69","54,37","54,24","54,24","20,76","98,03","98,03","98,03","76,55","76,05","76,74","75,57","76,69"
10/06/2021,"54,40","51,79","51,79","54,52","78,21","69,60","78,83","78,83","54,17","57,13","53,77","51,79","51,79","18,81","82,42","82,42","82,42","78,74","78,44","78,83","78,19","78,77"
11/06/2021,"47,62","34,33","34,33","39,21","77,35","57,98","78,10","78,10","50,85","56,12","50,49","37,30","37,30","21,02","81,08","81,08","81,08","78,00","77,73","78,10","77,52","78,10"
12/06/2021,"23,90","16,57","16,57","17,82","33,18","31,64","37,55","36,36","35,43","38,94","35,43","16,57","16,57","15,13","54,14","57,80","57,80","40,12","51,36","39,18","46,71","60,13"
13/06/2021,"15,29","12,75","12,75","14,86","21,85","15,99","19,40","23,12","19,02","21,00","19,02","13,99","13,99","9,55","21,40","21,40","22,98","19,59","29,13","19,40","26,01","48,93"
14/06/2021,"39,84","28,85","28,85","31,70","72,37","65,80","74,12","74,13","46,86","51,70","46,86","28,85","28,85","21,20","76,41","76,41","76,41","75,41","76,10","74,22","75,07","75,35"
15/06/2021,"36,28","19,56","19,56","37,22","77,92","63,43","82,61","82,61","46,91","52,06","46,91","21,02","21,02","19,03","67,01","68,00","79,55","82,67","82,47","82,61","82,52","82,57"
16/06/2021,"44,45","30,81","30,81","48,03","85,39","85,06","85,00","85,53","45,73","50,85","45,73","32,32","32,32","22,27","88,31","88,31","91,68","85,11","87,84","85,00","86,85","87,62"
17/06/2021,"40,46","28,81","28,81","39,79","73,40","70,09","77,41","73,40","43,09","50,14","43,09","29,16","29,16","21,70","79,11","81,19","83,05","80,08","80,01","77,51","82,24","77,82"
18/06/2021,"37,15","24,61","24,61","35,17","76,05","57,01","80,12","76,05","41,24","51,27","41,24","26,21","26,21","21,69","65,72","77,30","77,95","80,33","79,95","80,12","80,72","80,46"
19/06/2021,"36,48","23,93","23,93","25,65","69,61","41,61","70,04","69,61","39,70","53,03","39,70","26,82","26,82","20,65","56,46","75,51","75,51","71,03","72,87","70,10","73,16","74,16"
20/06/2021,"33,64","25,23","25,23","27,32","58,43","33,61","58,43","58,46","38,71","48,96","38,71","26,87","26,87","21,06","47,42","64,28","64,28","58,39","59,32","58,43","57,89","60,31"
21/06/2021,"36,33","21,71","21,71","32,82","77,63","47,49","77,63","77,63","42,11","53,09","42,11","26,71","26,71","18,88","67,91","78,21","78,21","77,63","77,63","77,63","77,63","77,63"
22/06/2021,"41,76","26,00","26,00","38,44","84,59","71,48","84,59","84,59","44,03","54,77","44,03","29,81","29,81","21,85","80,80","87,07","87,07","84,47","83,65","84,59","83,18","84,44"
23/06/2021,"43,18","31,44","31,44","40,63","93,40","75,69","92,84","93,40","46,05","55,77","46,05","31,54","31,54","21,91","84,18","93,97","93,97","92,36","86,97","92,84","84,34","91,68"
24/06/2021,"49,40","33,82","33,82","41,42","95,11","62,85","94,83","95,11","46,88","60,71","46,88","35,64","35,64","21,52","78,32","96,09","96,09","94,69","90,64","94,83","88,98","92,99"
25/06/2021,"45,42","32,65","32,65","32,65","89,70","33,61","89,73","89,87","46,82","60,59","46,82","33,16","33,16","21,30","70,57","92,25","92,25","89,54","87,40","89,73","86,40","89,12"
26/06/2021,"42,82","31,02","31,02","31,02","79,79","31,02","79,88","79,88","47,51","62,45","47,51","33,44","33,44","22,62","80,37","80,37","80,37","79,51","78,21","79,88","76,44","80,42"
27/06/2021,"37,92","31,41","31,41","31,41","65,16","31,41","64,95","65,55","47,75","55,96","47,75","32,28","32,28","22,22","70,87","70,87","70,87","66,01","54,91","64,96","51,91","63,83"
28/06/2021,"49,52","34,62","34,62","45,43","88,89","70,28","88,73","88,89","51,79","61,86","51,79","35,59","35,59","22,46","89,38","89,38","89,38","88,79","88,34","88,73","87,84","88,67"
29/06/2021,"50,79","37,22","37,22","47,43","92,57","80,01","91,65","92,57","51,32","61,18","51,32","37,25","37,25","22,38","92,89","92,89","92,89","91,64","90,58","91,65","90,07","91,43"
30/06/2021,"50,69","37,96","37,96","46,12","92,29","68,41","92,38","92,38","50,07","61,65","50,07","38,03","38,03","22,28","83,89","92,29","92,29","92,27","91,01","92,38","90,24","92,04"
01/07/2021,"49,88","39,28","39,28","45,13","88,76","82,72","88,93","89,39","48,55","59,32","48,55","39,28","39,28","20,29","89,92","91,31","91,31","89,36","88,64","89,39","87,79","88,93"
02/07/2021,"54,17","46,38","46,38","48,37","95,29","91,02","96,58","96,61","50,74","58,48","50,74","46,38","46,38","20,64","98,05","100,28","100,28","97,04","96,31","96,58","96,46","96,02"
03/07/2021,"54,06","43,22","43,22","47,33","82,64","68,44","83,60","83,60","51,14","58,77","51,14","46,40","46,40","21,86","83,68","86,30","86,30","84,85","83,72","83,60","83,79","83,90"
04/07/2021,"54,82","42,11","42,11","50,66","81,46","63,66","82,96","82,96","53,95","59,28","53,95","44,59","44,59","21,57","78,39","81,46","81,46","82,64","82,53","82,96","79,36","83,21"
05/07/2021,"57,15","46,19","47,59","59,96","91,29","82,01","93,85","93,85","57,05","59,29","57,05","48,40","48,40","21,84","87,71","91,63","91,63","93,68","93,55","93,85","92,64","93,83"
06/07/2021,"55,83","46,30","46,98","62,75","67,61","81,14","79,53","80,68","56,35","58,29","56,35","46,68","46,68","21,39","88,52","89,14","89,14","87,02","68,62","80,68","80,95","77,66"
07/07/2021,"54,09","46,74","47,41","75,18","81,09","90,98","95,85","99,11","56,08","57,59","56,08","47,49","47,49","20,50","93,01","97,18","97,18","100,76","98,16","99,11","98,10","95,80"
08/07/2021,"56,66","49,01","71,21","77,02","91,89","77,70","109,04","109,04","57,10","58,83","57,10","71,65","71,65","20,53","81,46","103,67","103,67","109,46","94,15","109,04","93,90","96,04"
09/07/2021,"58,89","76,04","76,04","76,04","77,04","87,41","91,42","91,42","57,69","58,02","57,69","54,38","54,38","24,62","87,69","90,71","90,71","91,30","90,41","91,42","90,69","88,43"
10/07/2021,"56,33","55,65","55,65","55,65","55,65","76,76","80,45","80,45","55,65","57,20","55,65","54,19","54,19","21,79","77,92","81,90","81,90","81,30","81,27","80,45","81,60","81,17"
11/07/2021,"57,10","56,22","56,22","56,22","56,22","67,92","77,74","77,74","55,94","58,53","55,94","40,89","40,89","21,71","70,88","77,51","77,51","77,74","77,74","77,74","77,74","77,74"
12/07/2021,"58,80","80,81","80,81","80,81","80,81","92,31","93,45","93,45","58,00","58,77","58,00","49,21","49,21","20,45","97,27","97,27","97,27","93,49","93,47","93,45","93,33","93,46"
13/07/2021,"59,75","77,48","77,48","77,48","77,48","98,29","95,02","95,02","59,17","59,17","59,17","47,24","47,24","19,67","98,29","98,29","98,29","95,01","94,47","95,02","94,20","94,92"
14/07/2021,"60,72","64,26","64,26","76,67","76,67","108,47","87,39","87,39","60,49","60,49","60,49","57,13","57,13","20,66","108,47","108,47","108,47","88,61","75,23","87,39","70,23","84,93"
15/07/2021,"58,82","57,16","57,16","75,78","80,80","102,78","89,74","92,47","61,00","61,22","61,00","37,93","37,93","20,39","102,78","102,78","102,78","88,94","77,63","89,74","74,09","86,05"
16/07/2021,"58,45","56,38","56,38","59,42","67,29","89,51","84,96","84,96","59,42","61,43","59,42","43,68","43,68","20,40","91,33","92,15","92,15","85,08","83,83","84,96","83,48","84,67"
17/07/2021,"48,71","51,07","51,07","51,99","51,99","67,32","54,99","61,24","55,53","55,53","55,53","34,66","34,66","19,89","70,19","87,10","87,10","65,79","62,78","61,69","63,38","65,86"
18/07/2021,"30,26","32,40","32,40","32,91","32,91","36,96","38,77","44,07","39,90","40,06","39,90","28,35","28,35","19,03","44,61","87,51","87,51","45,84","46,41","45,78","45,91","47,90"
19/07/2021,"53,63","47,08","47,08","59,89","72,91","81,81","88,27","88,30","58,69","61,25","58,69","33,00","33,00","19,32","91,06","91,06","91,06","89,48","90,62","89,21","89,37","92,27"
20/07/2021,"53,23","47,07","47,07","56,07","56,07","73,42","73,66","91,69","59,11","60,54","59,11","44,60","44,60","18,96","86,87","87,15","87,15","91,78","91,26","91,69","91,18","91,64"
21/07/2021,"54,73","47,14","47,14","55,72","56,02","69,12","89,11","89,99","59,02","60,38","59,02","45,62","45,62","19,60","80,97","84,77","84,77","92,35","88,38","89,99","91,01","89,13"
22/07/2021,"51,66","43,54","43,54","53,13","53,13","58,52","87,39","87,56","58,32","59,47","58,32","39,77","39,77","18,82","79,64","91,68","91,68","88,36","87,53","87,56","88,19","87,53"
23/07/2021,"57,33","48,53","48,53","56,25","56,25","77,68","88,80","88,80","58,88","60,11","58,88","48,53","48,53","18,93","86,15","86,36","86,36","88,91","87,94","88,80","87,76","88,69"
24/07/2021,"58,10","51,45","51,45","55,81","55,81","69,67","75,29","75,29","57,91","59,65","57,91","51,45","51,45","18,56","71,99","71,99","71,99","75,91","76,87","75,76","76,16","79,47"
25/07/2021,"51,49","49,00","49,00","49,00","49,00","66,17","60,71","60,71","54,24","54,64","54,24","49,00","49,00","20,78","66,98","77,00","77,00","61,02","61,73","60,71","61,39","63,54"
26/07/2021,"57,81","49,08","49,08","54,79","77,12","83,59","88,50","88,50","59,10","59,46","59,10","48,08","48,08","22,71","83,59","83,59","83,59","88,33","89,26","88,50","86,61","91,16"
27/07/2021,"56,93","48,59","48,59","56,11","78,92","87,30","87,22","87,22","58,51","59,66","58,51","43,69","43,69","26,53","87,48","87,49","87,49","87,07","85,11","87,22","84,39","87,09"
28/07/2021,"55,44","47,82","47,82","54,50","70,49","84,04","79,42","79,42","57,34","58,60","57,34","42,21","42,21","29,04","84,04","84,04","84,04","85,09","62,94","79,42","66,99","79,73"
29/07/2021,"46,23","44,70","44,70","45,18","45,18","84,76","39,02","39,02","50,06","50,06","50,06","44,69","44,69","29,11","86,15","86,18","86,18","69,59","30,26","46,10","48,66","45,48"
30/07/2021,"48,92","45,96","45,96","46,25","55,31","76,51","58,34","58,34","53,31","53,42","53,31","45,96","45,96","23,03","78,17","78,17","78,17","70,65","35,55","64,81","42,67","95,49"
31/07/2021,"43,83","42,22","42,22","42,84","46,15","63,48","39,97","46,37","44,42","44,64","44,42","42,22","42,22","40,16","63,90","63,90","63,90","47,69","23,57","29,82","27,45","48,40"
01/08/2021,"52,41","48,69","48,69","50,39","56,06","53,97","56,44","58,15","55,42","55,45","55,42","48,69","48,69","30,84","56,96","58,55","58,55","57,79","54,28","58,54","50,15","81,77"
02/08/2021,"56,18","53,63","53,63","54,11","79,12","75,63","80,09","80,09","57,50","57,63","57,50","53,63","53,63","48,38","86,50","86,50","86,50","80,16","84,53","80,10","80,73","87,42"
03/08/2021,"58,86","55,08","55,08","56,02","96,43","56,78","96,51","96,51","58,95","59,34","58,95","55,08","55,08","54,91","96,43","96,43","96,43","96,07","94,58","96,51","90,60","96,35"
04/08/2021,"61,48","59,35","59,35","59,35","97,77","68,29","98,17","98,17","61,03","61,13","61,03","59,35","59,35","48,08","104,98","104,98","104,98","97,75","96,87","98,17","91,63","98,67"
05/08/2021,"62,05","60,03","60,03","60,24","94,32","75,22","94,51","94,51","61,81","61,81","61,81","60,03","60,03","48,74","96,42","96,42","98,36","93,92","91,14","94,51","86,20","94,42"
06/08/2021,"60,36","58,13","58,13","58,13","71,03","71,06","69,91","71,29","60,81","60,81","60,81","58,13","58,13","55,48","77,08","77,08","77,35","67,41","23,43","71,60","18,80","69,06"
07/08/2021,"56,30","52,59","52,59","52,59","61,50","52,59","61,50","61,50","59,52","59,52","59,52","51,36","51,36","35,28","63,74","63,74","63,74","59,17","45,17","61,52","43,15","60,74"
08/08/2021,"28,16","26,08","26,08","26,08","26,55","26,08","15,42","26,55","40,74","40,74","42,67","39,53","39,53","23,88","26,62","26,62","26,62","4,90","-3,19","5,63","0,28","8,54"
09/08/2021,"59,35","62,65","62,65","62,65","69,43","78,88","68,70","69,43","61,48","61,48","61,48","64,73","64,73","25,85","84,19","86,68","86,68","67,50","66,62","67,59","66,58","68,59"
10/08/2021,"70,14","81,56","81,56","81,56","90,79","82,33","90,77","90,84","69,27","69,27","69,27","81,56","81,56","27,39","91,13","91,13","91,13","90,39","87,62","90,77","86,27","90,73"
11/08/2021,"73,10","83,96","83,96","83,96","100,00","83,96","100,76","100,79","72,01","72,01","72,01","83,96","83,96","27,92","98,24","98,24","100,00","100,63","100,22","100,76","99,17","100,72"
12/08/2021,"74,09","89,34","89,34","89,34","106,26","89,34","106,54","106,54","72,73","72,73","72,73","87,11","87,11","33,35","105,96","106,26","106,26","106,48","106,00","106,54","104,94","106,56"
13/08/2021,"71,68","71,86","71,86","76,82","95,34","77,03","94,90","95,70","71,49","71,49","71,49","71,83","71,83","34,26","95,59","100,12","100,12","94,84","94,28","94,90","93,66","94,90"
14/08/2021,"61,63","57,83","57,83","57,83","66,84","58,53","61,86","67,32","67,44","67,44","67,44","57,83","57,83","33,03","66,35","66,35","69,11","70,53","65,20","63,37","70,07","74,41"
15/08/2021,"58,82","56,53","56,53","56,60","62,60","56,60","61,94","62,66","64,90","64,90","64,90","56,53","56,53","31,42","61,17","61,17","62,60","61,91","53,93","61,94","51,78","62,16"
16/08/2021,"70,26","75,87","75,87","79,57","80,24","79,96","72,94","80,24","69,90","69,90","69,90","68,05","68,05","42,77","83,17","83,26","83,39","71,86","54,18","67,60","47,40","73,15"
17/08/2021,"62,96","60,50","60,50","62,07","66,54","68,26","65,27","66,54","63,91","63,91","63,91","60,64","60,64","57,76","73,66","73,66","73,66","58,46","67,72","57,39","66,76","90,40"
18/08/2021,"61,40","47,59","47,59","53,32","75,56","53,32","73,38","75,91","71,35","71,35","71,35","49,19","49,19","46,26","75,83","75,83","75,83","78,52","84,78","78,64","80,13","86,48"
19/08/2021,"66,27","55,83","55,83","75,22","90,60","75,22","91,35","91,04","74,07","74,07","74,07","42,04","42,04","41,71","86,02","86,02","90,60","91,66","98,53","91,62","94,47","105,39"
20/08/2021,"69,73","55,71","55,71","69,91","100,71","69,91","102,18","102,18","79,00","79,00","79,00","49,81","49,81","35,79","100,71","100,71","100,71","102,08","101,73","102,18","101,06","102,18"
21/08/2021,"65,07","51,62","51,62","51,62","90,53","51,62","91,46","91,46","78,19","78,19","78,19","51,62","51,62","36,40","103,93","103,93","103,93","91,46","91,46","91,46","91,46","91,46"
22/08/2021,"63,65","52,82","52,82","52,82","78,05","52,82","78,05","78,05","75,25","75,25","75,25","52,82","52,82","41,25","78,19","78,19","78,19","78,08","76,39","78,05","75,79","79,35"
23/08/2021,"73,69","65,55","65,55","69,38","93,64","66,24","93,88","93,88","78,11","78,11","78,11","65,55","65,55","65,55","102,79","102,79","102,79","93,80","92,13","93,88","90,89","93,88"
24/08/2021,"77,20","62,87","62,87","92,76","102,36","92,76","96,00","103,47","80,40","80,40","80,40","62,87","62,87","62,87","102,36","102,36","102,36","93,96","84,45","95,40","78,99","95,34"
25/08/2021,"60,15","35,72","35,72","58,90","77,90","58,90","81,25","83,25","77,49","77,49","77,49","35,72","35,72","35,72","97,90","97,90","97,90","86,17","90,59","84,31","86,29","97,63"
26/08/2021,"68,26","46,02","46,02","64,20","92,15","64,20","89,18","92,15","82,80","82,80","82,94","46,14","46,14","46,14","103,42","103,42","103,42","92,63","93,48","92,62","93,20","93,84"
27/08/2021,"75,06","49,06","49,06","71,40","90,80","71,40","91,69","95,27","86,02","86,02","86,02","49,06","49,06","49,06","94,00","94,00","94,00","95,91","96,11","95,91","96,03","96,17"
28/08/2021,"71,91","52,26","52,26","57,54","84,72","57,54","84,41","84,72","83,18","83,18","83,18","52,26","52,26","52,26","88,51","88,51","88,51","86,21","77,82","84,72","74,02","83,81"
29/08/2021,"71,69","53,35","53,35","63,81","80,74","63,81","80,74","80,74","82,58","82,58","82,58","53,35","53,35","53,35","80,74","80,74","80,74","81,06","74,30","80,74","70,88","80,65"
30/08/2021,"87,54","57,47","57,47","95,73","106,58","95,73","106,58","106,58","100,92","100,92","100,92","57,47","57,47","57,47","106,58","106,58","106,58","106,56","107,91","106,58","106,86","109,54"
31/08/2021,"77,61","44,41","44,41","91,84","108,89","86,17","110,05","109,73","106,90","106,90","106,90","44,41","44,41","44,41","108,89","108,89","108,89","109,76","111,20","110,05","108,17","110,89"
01/09/2021,"72,82","39,72","39,72","83,07","110,47","74,36","111,86","111,86","105,28","105,28","105,28","39,72","39,72","39,72","110,47","110,47","110,47","111,28","117,42","111,86","104,34","115,47"
02/09/2021,"75,95","46,17","46,17","83,41","116,48","81,96","117,30","117,30","100,47","100,47","100,47","46,17","46,17","46,17","112,63","112,63","116,48","117,48","126,07","118,19","107,19","124,07"
03/09/2021,"70,21","43,77","43,77","72,34","108,20","67,67","110,47","109,01","94,50","94,50","94,50","43,77","43,77","43,77","107,43","107,43","108,20","110,75","116,26","110,53","110,12","112,31"
04/09/2021,"80,65","49,29","49,29","75,18","106,11","66,08","106,88","106,88","97,42","97,42","97,42","49,29","49,29","49,29","106,11","106,11","106,11","106,63","107,22","106,88","107,35","107,19"
05/09/2021,"80,38","50,80","50,80","70,86","96,14","70,51","97,63","97,77","95,66","95,66","95,66","50,80","50,80","50,80","99,05","99,05","99,05","97,34","99,05","97,63","98,96","100,63"
06/09/2021,"90,91","50,13","50,13","98,37","126,45","98,37","127,82","127,36","115,23","115,23","115,23","49,80","49,80","49,80","120,61","120,61","120,61","128,33","131,39","127,82","123,98","129,30"
07/09/2021,"80,22","46,30","46,30","77,86","124,25","73,22","127,98","127,98","108,63","108,63","108,63","43,72","43,72","43,72","123,81","123,81","123,81","128,13","130,22","127,98","123,69","128,84"
08/09/2021,"73,74","44,38","44,38","67,71","119,50","62,20","124,78","124,78","105,45","105,45","105,45","43,00","43,00","42,06","127,17","127,17","127,17","125,26","126,27","124,78","122,39","125,45"
09/09/2021,"90,54","53,73","53,73","88,74","126,45","88,74","130,23","130,23","106,02","106,02","106,02","52,81","52,81","52,81","118,23","131,22","131,22","132,70","136,85","130,23","131,76","131,07"
10/09/2021,"98,13","56,37","56,37","100,07","132,28","100,07","138,29","138,29","107,91","107,91","107,91","55,86","55,86","55,86","126,82","135,59","135,59","138,25","138,60","138,29","137,24","138,56"
11/09/2021,"94,54","56,08","56,08","92,90","129,02","92,90","129,02","129,02","106,55","106,55","106,55","47,75","47,75","47,75","112,57","121,54","121,54","129,28","129,25","129,02","129,15","129,25"
12/09/2021,"73,06","56,01","56,01","94,56","104,06","94,90","104,99","104,99","97,12","97,12","97,12","46,18","46,18","46,13","106,53","108,87","108,87","107,26","111,97","105,22","109,56","125,85"
13/09/2021,"76,03","49,81","49,81","84,94","138,27","70,44","140,84","139,20","103,71","103,71","103,71","49,28","49,28","49,28","134,99","134,99","138,27","143,26","143,95","141,32","139,41","142,22"
14/09/2021,"95,60","56,76","56,76","120,16","142,55","90,02","143,24","143,24","115,38","115,38","115,38","56,70","56,70","56,70","141,60","141,60","142,55","146,73","149,61","143,24","145,52","145,23"
15/09/2021,"108,83","63,68","63,68","137,60","160,36","138,62","168,21","168,21","113,84","113,84","113,84","63,47","63,47","63,47","160,36","160,36","160,36","168,22","168,06","168,21","166,83","168,28"
16/09/2021,"113,04","62,96","62,96","116,88","146,29","123,92","158,94","158,94","121,61","121,61","121,61","62,96","62,96","58,95","145,19","145,19","146,29","166,52","169,14","158,94","169,36","160,44"
17/09/2021,"106,68","62,21","62,21","98,84","141,09","103,23","146,66","141,90","121,11","121,11","121,11","60,62","60,62","56,05","141,09","141,09","141,09","157,33","159,99","156,96","157,85","161,84"
18/09/2021,"94,33","64,31","64,31","83,00","121,19","85,26","131,00","121,32","111,86","111,86","111,86","59,40","59,40","50,27","121,19","121,19","121,19","137,69","139,32","133,76","139,67","140,37"
19/09/2021,"77,87","65,50","65,50","78,95","93,47","78,95","94,10","94,10","91,64","91,64","91,64","63,34","63,34","48,44","93,47","93,47","93,47","96,33","102,14","94,10","98,59","106,03"
20/09/2021,"102,42","67,48","67,48","122,11","144,80","122,11","150,70","150,70","113,78","113,78","113,78","64,12","64,12","49,10","144,80","144,80","144,80","151,35","156,91","150,70","153,25","159,87"
21/09/2021,"100,99","64,21","64,21","114,02","138,26","114,02","149,89","149,89","117,56","117,56","117,56","60,03","60,03","45,26","136,10","136,10","138,26","149,84","150,39","149,89","147,66","150,38"
22/09/2021,"84,80","58,81","58,81","94,84","142,04","94,84","135,79","143,23","113,36","113,36","113,36","55,18","55,18","43,95","142,04","142,04","142,04","147,71","156,11","145,98","149,74","158,19"
23/09/2021,"65,78","56,15","56,15","61,35","65,66","61,35","69,20","65,66","98,04","98,04","98,04","55,77","55,77","52,53","103,27","103,27","103,27","132,63","137,00","73,16","143,81","131,17"
24/09/2021,"76,17","56,94","56,94","77,03","78,36","78,20","93,28","78,36","98,77","98,77","98,77","50,94","50,94","50,64","91,67","91,67","91,67","127,38","153,98","108,98","147,58","157,08"
25/09/2021,"77,80","56,73","56,73","76,14","104,24","77,90","125,22","109,10","107,25","107,25","107,25","53,11","53,11","53,11","112,69","112,69","112,69","135,74","148,45","127,59","146,38","154,14"
26/09/2021,"85,13","59,50","59,50","80,01","110,67","80,41","119,90","119,90","107,05","107,05","107,05","56,80","56,80","56,80","110,67","110,67","110,67","125,72","125,72","125,72","125,72","125,72"
27/09/2021,"82,04","56,20","56,20","88,05","131,69","88,05","129,13","137,30","107,68","107,68","107,68","52,25","52,25","52,25","134,44","134,44","134,76","152,95","136,95","143,22","146,21","141,38"
28/09/2021,"90,08","56,26","56,26","97,13","150,28","97,68","154,92","154,54","109,50","109,50","109,50","52,01","52,01","52,01","149,57","149,57","150,28","159,08","155,64","155,09","159,83","153,44"
29/09/2021,"87,66","58,43","58,43","91,53","119,28","107,89","128,29","126,33","103,90","103,90","103,90","52,64","52,64","52,64","127,01","127,01","127,73","149,42","132,15","133,31","150,58","135,36"
30/09/2021,"73,93","56,45","56,45","80,22","89,71","94,31","94,36","89,71","93,64","93,64","93,64","49,90","49,90","49,90","110,32","110,32","110,32","159,03","130,14","112,57","165,57","133,80"
01/10/2021,"52,85","44,20","44,20","56,22","56,22","61,89","73,64","56,22","80,23","80,23","80,23","42,81","42,81","42,81","103,88","103,88","103,88","140,75","100,35","100,33","141,81","116,53"
02/10/2021,"55,74","40,26","40,26","61,29","63,44","44,77","103,23","87,85","88,09","89,34","88,09","39,60","39,60","24,87","83,02","83,02","83,02","109,89","97,36","104,06","101,61","109,33"
03/10/2021,"20,68","9,16","9,16","9,16","9,16","12,56","35,46","11,66","48,42","48,42","55,04","9,47","9,47","9,47","19,10","19,10","19,10","44,44","64,29","40,96","64,53","111,59"
04/10/2021,"55,62","26,59","26,59","56,84","139,06","56,93","134,62","149,98","89,39","99,51","89,39","26,67","26,67","26,67","130,74","130,74","139,06","169,28","149,20","158,12","156,36","145,32"
05/10/2021,"78,11","43,79","43,79","68,05","124,42","64,74","158,24","157,90","97,24","104,17","97,24","43,79","43,79","28,92","111,33","123,14","127,55","160,56","159,69","159,73","159,80","159,72"
06/10/2021,"85,94","51,34","51,34","83,22","106,10","69,23","184,11","184,12","103,97","104,02","103,97","51,34","51,34","51,34","106,64","106,64","113,92","185,15","179,78","184,12","182,15","184,11"
07/10/2021,"100,32","50,51","50,51","96,40","220,45","94,89","302,53","302,53","120,42","122,67","120,42","48,57","48,57","39,82","178,40","187,58","220,45","301,70","302,54","302,53","298,32","302,54"
08/10/2021,"98,76","51,85","51,85","100,08","177,19","100,08","203,89","203,89","120,93","121,33","120,93","47,44","47,44","30,60","167,02","167,02","177,19","203,89","203,95","203,89","203,56","203,95"
09/10/2021,"86,94","49,71","49,71","79,14","102,15","79,14","139,49","139,49","113,73","120,32","113,73","49,24","49,24","26,49","117,65","117,65","117,65","165,35","164,71","139,49","182,83","165,87"
10/10/2021,"62,69","34,47","34,47","34,47","40,41","34,47","141,58","130,85","110,00","119,33","110,00","34,46","34,46","24,89","89,34","89,34","89,34","157,85","147,19","144,34","149,24","147,02"
11/10/2021,"76,99","39,35","39,35","83,49","92,10","81,33","113,03","107,00","108,95","108,95","108,95","37,31","37,31","37,05","115,63","115,63","115,63","181,50","185,48","167,84","183,00","179,48"
12/10/2021,"87,61","39,16","39,16","117,84","126,23","117,84","153,56","140,21","116,27","116,27","116,27","39,01","39,01","38,04","136,83","136,83","136,83","185,99","192,78","167,43","188,47","183,69"
13/10/2021,"112,11","41,84","41,84","157,57","161,00","157,57","188,24","186,75","130,35","130,35","130,35","39,84","39,84","38,44","169,66","169,66","169,66","190,72","196,98","188,24","194,28","191,20"
14/10/2021,"50,65","17,42","17,42","78,36","104,36","73,04","119,77","109,19","100,46","100,46","100,46","17,42","17,42","17,42","158,62","158,62","158,62","190,43","200,04","167,81","199,52","189,00"
15/10/2021,"25,16","9,29","9,29","40,74","40,74","40,74","72,80","42,42","86,28","86,28","86,28","10,92","10,92","10,92","95,82","95,82","95,82","182,42","208,69","116,65","214,12","190,92"
16/10/2021,"26,07","7,53","7,53","9,10","9,10","9,10","99,99","24,76","98,79","98,89","98,79","7,61","7,61","7,61","46,27","46,27","46,27","182,14","196,11","156,78","189,76","197,99"
17/10/2021,"55,84","10,70","10,70","66,59","69,32","47,29","142,02","112,57","110,03","110,95","110,03","13,94","13,94","16,11","69,32","69,32","69,32","161,87","170,17","142,16","165,97","168,09"
18/10/2021,"93,99","19,94","19,94","123,92","151,30","94,13","181,37","181,37","134,74","134,89","124,84","19,94","19,94","19,94","141,45","141,45","151,30","201,19","194,60","189,72","198,34","191,64"
19/10/2021,"90,78","21,55","21,55","143,75","143,94","139,25","148,93","147,44","146,26","146,26","146,26","19,52","19,52","19,52","140,68","140,68","145,62","176,84","162,82","153,46","164,07","161,34"
20/10/2021,"29,00","13,90","13,90","39,02","39,02","39,02","57,62","39,02","82,26","82,26","82,26","13,93","13,93","13,93","68,76","68,76","68,76","151,35","83,09","60,11","101,09","93,03"
21/10/2021,"28,17","16,54","16,54","46,09","46,09","60,77","54,34","48,48","83,34","83,34","83,34","14,52","14,52","14,52","67,12","67,12","67,12","159,31","128,68","61,50","151,90","151,95"
22/10/2021,"23,32","11,94","11,94","39,36","39,36","41,76","55,23","39,36","87,70","87,70","87,70","11,94","11,94","11,94","66,21","66,21","66,21","191,34","161,08","71,87","209,65","150,99"
23/10/2021,"69,49","17,59","17,59","75,99","76,88","75,99","118,90","98,90","106,77","106,77","104,65","17,17","17,17","17,17","95,01","95,01","95,01","160,69","210,11","139,38","208,70","200,81"
24/10/2021,"36,11","17,14","17,14","27,26","63,15","31,08","85,77","78,40","87,54","87,54","87,54","15,17","15,17","15,36","79,78","79,78","79,78","144,05","138,26","99,41","168,54","128,88"
25/10/2021,"63,61","16,16","16,16","75,77","95,79","78,68","107,98","106,38","101,32","101,32","101,32","16,16","16,16","16,16","106,45","106,45","106,45","198,42","198,61","173,65","206,44","175,12"
26/10/2021,"65,85","17,30","17,30","70,23","137,21","71,21","138,77","138,50","100,20","100,20","100,20","17,15","17,15","17,15","153,62","153,62","153,62","202,35","214,58","178,02","215,68","188,94"
27/10/2021,"27,60","14,69","14,69","28,66","28,66","90,48","34,05","28,66","80,93","80,93","80,93","13,65","13,65","14,69","109,58","111,19","111,19","213,56","174,37","143,84","204,45","156,69"
28/10/2021,"29,71","14,44","14,44","26,04","53,79","28,47","60,59","60,09","77,86","77,86","77,86","14,44","14,44","14,44","100,97","100,97","100,97","197,02","185,64","153,54","193,46","172,27"
29/10/2021,"39,58","15,29","15,29","40,62","61,72","40,62","80,46","74,66","79,57","79,57","79,57","15,27","15,27","15,27","109,37","111,29","111,29","159,77","145,58","112,97","152,56","142,35"
30/10/2021,"21,78","13,84","13,84","20,42","57,91","20,11","79,06","79,06","74,31","74,31","74,31","12,95","12,95","13,62","72,68","72,68","72,68","112,72","135,55","84,15","120,50","143,18"
31/10/2021,"20,58","16,16","16,16","38,01","38,01","53,31","57,27","42,12","63,18","63,18","63,18","13,85","13,85","13,95","64,64","64,64","64,64","83,18","73,98","61,45","79,00","74,11"
01/11/2021,"34,12","14,66","14,66","51,12","60,64","53,81","69,00","64,44","69,70","69,70","69,70","13,06","13,06","13,65","71,02","71,02","71,02","111,37","90,51","95,49","92,37","97,54"
02/11/2021,"63,07","14,66","14,66","65,29","86,84","55,65","194,42","194,42","89,59","89,89","89,59","12,15","12,15","12,18","86,84","86,84","86,84","204,08","204,02","204,11","203,95","204,09"
03/11/2021,"80,18","20,06","20,06","72,24","103,13","72,24","181,07","181,07","97,07","97,07","97,07","19,77","19,77","16,56","103,13","103,13","103,13","192,76","184,74","193,14","186,06","179,89"
04/11/2021,"96,45","24,98","24,98","81,45","96,84","81,45","167,38","167,32","105,97","105,97","105,97","24,95","24,95","24,95","91,68","96,84","96,84","176,64","178,52","172,11","178,85","173,12"
05/11/2021,"64,83","16,64","16,64","56,80","58,51","56,80","89,00","59,00","88,91","88,91","88,91","16,37","16,37","16,37","56,80","60,06","60,06","178,08","191,08","160,09","188,25","169,29"
06/11/2021,"21,59","8,79","8,79","14,32","14,32","13,85","70,65","14,32","78,31","78,31","78,31","9,14","9,14","9,14","19,63","19,63","19,63","151,22","154,85","76,76","164,51","150,10"
07/11/2021,"35,02","11,81","11,81","21,30","26,81","21,30","35,41","31,41","69,70","69,70","73,72","11,81","11,81","11,81","31,04","31,30","31,30","152,54","113,26","35,41","136,93","102,44"
08/11/2021,"94,06","21,30","21,30","107,68","142,35","107,68","175,22","175,22","123,21","123,21","123,21","21,30","21,30","21,30","107,68","124,27","142,35","196,40","209,59","177,41","210,23","204,39"
09/11/2021,"52,47","13,14","13,14","51,83","80,90","55,90","83,39","80,90","83,81","83,81","83,81","13,14","13,14","13,14","89,63","116,93","116,93","193,10","180,34","163,14","190,22","166,65"
10/11/2021,"49,59","9,45","9,45","29,90","106,41","29,90","152,59","138,98","89,03","89,03","89,03","9,45","9,45","9,45","50,75","123,92","123,92","176,42","215,47","176,26","232,40","176,47"
11/11/2021,"52,55","10,39","10,39","24,34","121,67","24,50","178,08","178,08","90,16","90,16","90,16","10,39","10,39","10,39","93,24","121,67","121,67","196,41","184,08","190,43","187,89","182,38"
12/11/2021,"72,85","14,28","14,28","69,17","138,35","69,17","146,54","154,79","92,40","92,40","92,40","14,28","14,28","14,28","98,92","136,58","139,19","197,11","167,89","166,90","186,37","161,92"
13/11/2021,"79,27","16,31","16,31","47,94","134,32","47,94","143,06","142,68","91,80","91,80","91,80","16,31","16,31","16,31","136,64","138,25","140,53","170,57","166,45","156,90","170,01","153,88"
14/11/2021,"85,73","17,12","17,12","54,84","115,11","54,27","143,32","142,92","97,59","97,59","97,59","16,93","16,93","16,93","102,00","115,54","115,54","174,34","172,35","169,30","172,05","173,53"
15/11/2021,"78,79","14,00","14,00","70,50","166,74","67,48","218,08","218,08","97,39","97,39","97,39","14,00","14,00","14,00","163,09","181,57","181,57","227,98","228,00","227,96","228,06","227,82"
16/11/2021,"79,20","14,40","14,40","63,96","218,96","63,96","235,15","235,15","96,74","96,74","96,74","14,40","14,40","14,40","154,10","169,12","218,96","237,89","233,77","237,47","236,96","224,54"
17/11/2021,"61,32","14,37","14,37","47,75","106,88","47,75","93,28","106,88","90,30","90,30","90,30","14,37","14,37","14,37","117,13","130,79","130,79","215,17","216,17","180,60","214,24","197,46"
18/11/2021,"50,76","13,49","13,49","56,20","57,06","59,05","83,55","57,06","90,04","90,04","90,04","13,49","13,49","13,49","95,67","95,67","95,67","211,04","229,33","139,90","238,29","209,23"
19/11/2021,"26,54","12,33","12,33","14,96","14,96","72,47","57,29","14,96","83,62","83,62","83,62","12,33","12,33","12,33","85,13","85,13","85,13","217,96","207,00","131,63","243,74","199,85"
20/11/2021,"27,29","11,84","11,84","14,93","34,98","15,04","86,27","34,98","88,78","88,78","88,78","11,84","11,84","11,84","88,58","88,58","88,58","188,40","199,47","110,22","231,13","185,97"
21/11/2021,"64,45","15,31","15,31","61,56","64,43","61,99","92,80","65,46","92,94","92,94","92,94","15,31","15,31","15,31","112,61","112,61","112,61","206,45","180,23","144,84","226,67","146,76"
22/11/2021,"100,17","19,39","19,39","131,83","131,83","139,44","169,89","209,03","123,31","123,31","123,31","15,35","15,35","17,29","162,54","162,54","162,54","254,84","235,92","233,17","251,84","194,08"
23/11/2021,"90,60","15,34","15,34","122,10","122,10","129,12","137,77","155,91","110,17","110,17","110,17","14,74","14,74","14,82","155,53","155,53","155,53","266,39","267,23","241,87","270,21","219,93"
24/11/2021,"89,87","29,00","29,00","84,69","84,69","104,58","198,56","191,19","108,52","108,52","108,52","23,23","23,23","23,23","131,75","135,77","135,77","282,69","281,03","273,89","295,82","254,01"
25/11/2021,"104,38","42,68","42,68","103,72","103,72","108,65","124,94","103,72","112,09","112,09","112,09","41,16","41,16","41,16","118,17","118,17","118,17","268,23","248,84","243,35","302,14","196,35"
26/11/2021,"128,89","117,95","117,95","162,28","162,28","165,59","164,45","171,82","116,32","116,32","116,32","114,93","114,93","114,93","165,59","165,59","165,59","236,52","221,96","188,38","275,16","197,85"
27/11/2021,"160,47","175,08","175,08","175,08","175,08","175,08","175,30","175,62","145,34","145,34","145,34","167,47","167,47","167,47","175,08","175,08","175,08","210,39","220,19","202,90","220,09","207,17"
28/11/2021,"186,16","188,09","188,09","188,09","188,09","188,09","198,47","198,47","183,32","183,32","183,32","188,09","188,09","188,09","188,09","188,09","188,09","201,96","204,17","201,17","204,21","198,27"
29/11/2021,"246,86","233,69","233,69","263,96","263,96","263,96","265,41","265,41","249,82","249,82","249,82","220,10","220,10","220,10","263,96","263,96","263,96","273,92","264,44","265,96","301,12","256,27"
30/11/2021,"144,06","160,65","160,65","166,14","166,14","170,20","123,62","162,11","134,56","134,40","134,56","147,53","147,53","147,53","187,52","187,52","187,52","215,09","213,70","123,84","271,99","176,13"
01/12/2021,"118,65","112,63","112,63","124,15","124,15","167,91","91,00","124,15","117,91","116,49","117,91","112,63","112,63","112,63","167,93","167,93","167,93","243,94","194,98","91,00","280,10","190,58"
02/12/2021,"181,40","147,44","147,44","175,83","175,83","196,43","175,70","175,70","184,71","184,71","184,71","147,44","147,44","147,44","196,43","196,43","196,43","257,32","236,16","195,04","277,77","206,43"
03/12/2021,"148,38","127,44","127,44","169,39","169,39","178,47","149,44","169,39","147,26","147,26","147,26","115,84","115,84","115,84","188,04","188,04","188,04","232,54","236,07","149,97","299,22","195,30"
04/12/2021,"129,27","103,51","103,51","161,61","161,93","163,59","186,40","173,83","132,87","132,87","131,59","70,27","70,27","70,27","165,50","165,50","165,50","205,36","207,35","196,26","222,17","200,16"
05/12/2021,"129,61","115,72","115,72","133,30","133,30","148,28","120,84","133,30","127,71","127,71","127,71","115,72","115,72","115,72","148,28","148,28","148,28","200,88","192,25","157,71","221,00","180,83"
06/12/2021,"226,54","132,11","132,11","290,06","290,06","290,06","232,64","290,06","165,98","165,98","165,98","118,83","118,83","118,83","290,06","290,06","290,06","272,44","259,54","265,39","282,52","247,26"
07/12/2021,"215,23","147,40","147,40","241,29","241,29","469,03","175,75","241,29","170,82","170,82","170,82","113,76","113,76","113,76","469,03","469,03","469,03","243,37","208,53","216,19","258,65","183,01"
08/12/2021,"136,05","77,26","77,26","171,96","171,96","439,69","130,66","171,96","130,49","130,49","130,49","72,52","72,52","72,52","439,69","439,69","439,69","221,44","209,42","184,06","247,43","185,21"
09/12/2021,"124,72","41,42","41,42","253,31","255,35","267,44","254,57","256,03","131,27","131,27","131,27","41,42","41,42","41,42","270,03","270,79","270,79","281,83","280,13","277,88","287,50","275,42"
10/12/2021,"136,66","44,98","44,98","212,45","232,14","212,45","235,68","236,96","148,96","148,96","137,16","44,98","44,98","44,98","216,53","226,99","232,14","244,25","238,85","239,78","247,19","237,16"
11/12/2021,"155,80","49,51","49,51","178,24","222,38","178,24","230,87","233,76","160,17","160,17","160,17","49,51","49,51","49,51","198,85","208,65","222,38","240,80","240,91","237,35","249,47","224,74"
12/12/2021,"125,13","43,67","43,67","167,90","180,58","167,90","178,51","181,00","132,75","132,75","132,75","43,56","43,56","43,56","177,84","180,72","182,84","203,99","218,30","183,12","250,85","190,95"
13/12/2021,"138,54","44,55","44,55","205,26","226,43","205,26","224,79","229,26","135,53","135,53","135,53","44,34","44,34","44,34","214,78","214,78","231,69","282,14","265,36","264,66","300,69","241,87"
14/12/2021,"133,36","37,34","37,34","194,67","212,99","193,07","233,85","213,04","205,26","205,26","205,26","35,57","35,57","35,57","205,71","222,99","241,19","311,32","303,79","295,82","329,27","280,35"
15/12/2021,"78,43","22,56","22,56","79,08","79,08","79,08","117,58","81,48","127,60","127,60","127,60","22,54","22,54","22,54","153,07","153,07","176,21","311,91","293,06","295,20","346,28","275,73"
16/12/2021,"99,22","20,48","20,48","91,48","113,96","121,87","169,73","134,29","152,00","152,00","152,00","20,48","20,48","20,48","135,39","136,30","139,54","347,69","344,46","344,30","353,09","333,22"
17/12/2021,"125,42","23,66","23,66","152,56","185,63","152,56","213,87","187,02","179,60","179,60","179,60","23,66","23,66","23,66","155,96","162,42","185,63","339,30","339,22","338,14","341,24","337,27"
18/12/2021,"82,63","21,26","21,26","99,21","100,52","83,05","136,68","135,15","155,84","155,84","155,84","21,26","21,26","21,26","125,76","125,76","125,76","278,55","304,33","259,51","315,80","292,52"
19/12/2021,"64,47","21,43","21,43","67,29","67,29","66,06","94,91","68,73","146,81","146,81","146,81","21,43","21,43","21,43","88,01","88,01","88,01","225,82","300,37","119,67","343,16","289,66"
20/12/2021,"223,01","57,37","57,37","299,68","299,68","269,82","328,03","306,76","305,50","305,50","305,50","57,37","57,37","57,37","269,82","269,82","299,68","344,85","363,15","331,37","382,08","360,78"
21/12/2021,"309,78","62,58","62,58","413,48","413,48","405,52","430,45","430,45","387,45","387,45","387,21","62,58","62,58","62,58","406,89","413,48","413,48","434,34","432,99","431,98","442,88","429,84"
22/12/2021,"246,46","70,30","70,30","374,90","380,59","360,78","403,72","403,72","258,16","258,16","258,16","62,01","62,01","62,01","360,78","367,17","380,59","427,09","397,09","416,72","452,94","396,38"
23/12/2021,"193,63","39,08","39,08","237,13","256,55","175,43","274,57","274,57","244,72","244,72","244,72","39,08","39,08","39,08","175,43","256,55","256,55","351,48","378,32","300,73","416,44","333,06"
24/12/2021,"133,74","31,10","31,10","139,43","139,43","136,51","182,52","178,11","199,94","199,94","199,94","31,10","31,10","31,10","138,22","139,80","139,80","230,01","280,08","196,21","319,53","285,72"
25/12/2021,"143,44","31,74","31,74","128,97","128,97","128,97","197,06","196,10","200,34","200,34","200,34","31,74","31,74","31,74","128,97","128,97","128,97","202,09","200,01","198,29","218,11","195,45"
26/12/2021,"158,25","49,89","49,89","157,04","157,04","154,19","172,17","168,13","186,72","186,72","186,72","49,89","49,89","49,89","154,19","156,70","157,04","175,67","184,06","172,46","185,37","185,51"
27/12/2021,"163,06","63,33","63,33","149,36","149,36","158,04","148,83","149,36","179,38","179,38","179,38","57,74","57,74","57,74","158,04","158,04","158,04","153,19","162,72","148,83","161,08","170,96"
28/12/2021,"123,50","60,30","60,30","109,80","109,80","131,90","109,80","109,80","146,61","146,61","146,61","60,30","60,30","60,08","132,69","132,69","132,69","130,76","101,36","104,23","101,64","111,26"
29/12/2021,"160,29","117,88","117,88","154,86","155,30","154,86","155,60","155,60","167,11","167,11","167,11","68,30","68,30","65,64","154,86","155,30","155,30","155,60","155,60","155,60","155,60","155,60"
30/12/2021,"93,57","54,54","54,54","70,52","70,52","73,35","70,99","70,51","139,32","139,32","139,32","54,54","54,54","54,54","113,94","113,94","113,94","117,51","70,58","73,26","105,74","101,32"
31/12/2021,"64,40","37,90","37,90","43,62","43,62","65,04","42,61","43,62","135,85","135,85","135,85","37,90","37,90","37,90","81,49","81,49","81,49","86,96","9,68","12,13","120,02","78,63"
